"TIME [h]","Value [mg/l]"
1,0.003912525
2,0.005573627
3,0.007136851
4,0.006889336
6,0.006247256
8,0.005556707
10,0.0049638
12,0.004175609
16,0.003185786
24,0.001940224
