"Time [h]","CentralMeasure [mg/l]"
0,0
1,0.00241
2,0.00828
4,0.01765
6,0.0205
8,0.01943
12,0.0162
16,0.01385
20,0.01106
24,0.0098
48,0.0144
