"Time [h]","CentralMeasure [mg/l]"
1008,0.31098
1010,0.3251107
1012,0.3413084
1014,0.3292618
1016,0.3082632
1018,0.2976076
1020,0.2958948
