"Time [h]","CentralMeasure [mg/l]"
672,0.1719096
674,0.2053122
676,0.2235661
678,0.2156444
680,0.1932904
682,0.1729833
684,0.1657532
