"PK parameter","GMFE"
"AUC",3.14812528778554
"CMAX",1.0409591233678
