"Time [h]","CentralMeasure [mg/l]"
168,0.01512969
170,0.0178027
172,0.01948126
174,0.02218598
176,0.018813
178,0.01545135
180,0.01009174
