"Time [h]","CentralMeasure [mg/l]"
336,0.05141239
338,0.05613319
340,0.06452277
342,0.06349078
344,0.05696003
346,0.05386252
348,0.04526626
